Date,Year,Month,Month Number
04-01-2021 00:00,2021,January,1
05-01-2021 00:00,2021,January,1
06-01-2021 00:00,2021,January,1
07-01-2021 00:00,2021,January,1
08-01-2021 00:00,2021,January,1
09-01-2021 00:00,2021,January,1
10-01-2021 00:00,2021,January,1
11-01-2021 00:00,2021,January,1
12-01-2021 00:00,2021,January,1
13-01-2021 00:00,2021,January,1
14-01-2021 00:00,2021,January,1
15-01-2021 00:00,2021,January,1
16-01-2021 00:00,2021,January,1
17-01-2021 00:00,2021,January,1
18-01-2021 00:00,2021,January,1
19-01-2021 00:00,2021,January,1
20-01-2021 00:00,2021,January,1
21-01-2021 00:00,2021,January,1
22-01-2021 00:00,2021,January,1
23-01-2021 00:00,2021,January,1
24-01-2021 00:00,2021,January,1
25-01-2021 00:00,2021,January,1
26-01-2021 00:00,2021,January,1
27-01-2021 00:00,2021,January,1
28-01-2021 00:00,2021,January,1
29-01-2021 00:00,2021,January,1
30-01-2021 00:00,2021,January,1
31-01-2021 00:00,2021,January,1
01-02-2021 00:00,2021,February,2
02-02-2021 00:00,2021,February,2
03-02-2021 00:00,2021,February,2
04-02-2021 00:00,2021,February,2
05-02-2021 00:00,2021,February,2
06-02-2021 00:00,2021,February,2
07-02-2021 00:00,2021,February,2
08-02-2021 00:00,2021,February,2
09-02-2021 00:00,2021,February,2
10-02-2021 00:00,2021,February,2
11-02-2021 00:00,2021,February,2
12-02-2021 00:00,2021,February,2
13-02-2021 00:00,2021,February,2
14-02-2021 00:00,2021,February,2
15-02-2021 00:00,2021,February,2
16-02-2021 00:00,2021,February,2
17-02-2021 00:00,2021,February,2
18-02-2021 00:00,2021,February,2
19-02-2021 00:00,2021,February,2
20-02-2021 00:00,2021,February,2
21-02-2021 00:00,2021,February,2
22-02-2021 00:00,2021,February,2
23-02-2021 00:00,2021,February,2
24-02-2021 00:00,2021,February,2
25-02-2021 00:00,2021,February,2
26-02-2021 00:00,2021,February,2
27-02-2021 00:00,2021,February,2
28-02-2021 00:00,2021,February,2
01-03-2021 00:00,2021,March,3
02-03-2021 00:00,2021,March,3
03-03-2021 00:00,2021,March,3
04-03-2021 00:00,2021,March,3
05-03-2021 00:00,2021,March,3
06-03-2021 00:00,2021,March,3
07-03-2021 00:00,2021,March,3
08-03-2021 00:00,2021,March,3
09-03-2021 00:00,2021,March,3
10-03-2021 00:00,2021,March,3
11-03-2021 00:00,2021,March,3
12-03-2021 00:00,2021,March,3
13-03-2021 00:00,2021,March,3
14-03-2021 00:00,2021,March,3
15-03-2021 00:00,2021,March,3
16-03-2021 00:00,2021,March,3
17-03-2021 00:00,2021,March,3
18-03-2021 00:00,2021,March,3
19-03-2021 00:00,2021,March,3
20-03-2021 00:00,2021,March,3
21-03-2021 00:00,2021,March,3
22-03-2021 00:00,2021,March,3
23-03-2021 00:00,2021,March,3
24-03-2021 00:00,2021,March,3
25-03-2021 00:00,2021,March,3
26-03-2021 00:00,2021,March,3
27-03-2021 00:00,2021,March,3
28-03-2021 00:00,2021,March,3
29-03-2021 00:00,2021,March,3
30-03-2021 00:00,2021,March,3
31-03-2021 00:00,2021,March,3
01-04-2021 00:00,2021,April,4
02-04-2021 00:00,2021,April,4
03-04-2021 00:00,2021,April,4
04-04-2021 00:00,2021,April,4
05-04-2021 00:00,2021,April,4
06-04-2021 00:00,2021,April,4
07-04-2021 00:00,2021,April,4
08-04-2021 00:00,2021,April,4
09-04-2021 00:00,2021,April,4
10-04-2021 00:00,2021,April,4
11-04-2021 00:00,2021,April,4
12-04-2021 00:00,2021,April,4
13-04-2021 00:00,2021,April,4
14-04-2021 00:00,2021,April,4
15-04-2021 00:00,2021,April,4
16-04-2021 00:00,2021,April,4
17-04-2021 00:00,2021,April,4
18-04-2021 00:00,2021,April,4
19-04-2021 00:00,2021,April,4
20-04-2021 00:00,2021,April,4
21-04-2021 00:00,2021,April,4
22-04-2021 00:00,2021,April,4
23-04-2021 00:00,2021,April,4
24-04-2021 00:00,2021,April,4
25-04-2021 00:00,2021,April,4
26-04-2021 00:00,2021,April,4
27-04-2021 00:00,2021,April,4
28-04-2021 00:00,2021,April,4
29-04-2021 00:00,2021,April,4
30-04-2021 00:00,2021,April,4
01-05-2021 00:00,2021,May,5
02-05-2021 00:00,2021,May,5
03-05-2021 00:00,2021,May,5
04-05-2021 00:00,2021,May,5
05-05-2021 00:00,2021,May,5
06-05-2021 00:00,2021,May,5
07-05-2021 00:00,2021,May,5
08-05-2021 00:00,2021,May,5
09-05-2021 00:00,2021,May,5
10-05-2021 00:00,2021,May,5
11-05-2021 00:00,2021,May,5
12-05-2021 00:00,2021,May,5
13-05-2021 00:00,2021,May,5
14-05-2021 00:00,2021,May,5
15-05-2021 00:00,2021,May,5
16-05-2021 00:00,2021,May,5
17-05-2021 00:00,2021,May,5
18-05-2021 00:00,2021,May,5
19-05-2021 00:00,2021,May,5
20-05-2021 00:00,2021,May,5
21-05-2021 00:00,2021,May,5
22-05-2021 00:00,2021,May,5
23-05-2021 00:00,2021,May,5
24-05-2021 00:00,2021,May,5
25-05-2021 00:00,2021,May,5
26-05-2021 00:00,2021,May,5
27-05-2021 00:00,2021,May,5
28-05-2021 00:00,2021,May,5
29-05-2021 00:00,2021,May,5
30-05-2021 00:00,2021,May,5
31-05-2021 00:00,2021,May,5
01-06-2021 00:00,2021,June,6
02-06-2021 00:00,2021,June,6
03-06-2021 00:00,2021,June,6
04-06-2021 00:00,2021,June,6
05-06-2021 00:00,2021,June,6
06-06-2021 00:00,2021,June,6
07-06-2021 00:00,2021,June,6
08-06-2021 00:00,2021,June,6
09-06-2021 00:00,2021,June,6
10-06-2021 00:00,2021,June,6
11-06-2021 00:00,2021,June,6
12-06-2021 00:00,2021,June,6
13-06-2021 00:00,2021,June,6
14-06-2021 00:00,2021,June,6
15-06-2021 00:00,2021,June,6
16-06-2021 00:00,2021,June,6
17-06-2021 00:00,2021,June,6
18-06-2021 00:00,2021,June,6
19-06-2021 00:00,2021,June,6
20-06-2021 00:00,2021,June,6
21-06-2021 00:00,2021,June,6
22-06-2021 00:00,2021,June,6
23-06-2021 00:00,2021,June,6
24-06-2021 00:00,2021,June,6
25-06-2021 00:00,2021,June,6
26-06-2021 00:00,2021,June,6
27-06-2021 00:00,2021,June,6
28-06-2021 00:00,2021,June,6
29-06-2021 00:00,2021,June,6
30-06-2021 00:00,2021,June,6
01-07-2021 00:00,2021,July,7
02-07-2021 00:00,2021,July,7
03-07-2021 00:00,2021,July,7
04-07-2021 00:00,2021,July,7
05-07-2021 00:00,2021,July,7
06-07-2021 00:00,2021,July,7
07-07-2021 00:00,2021,July,7
08-07-2021 00:00,2021,July,7
09-07-2021 00:00,2021,July,7
10-07-2021 00:00,2021,July,7
11-07-2021 00:00,2021,July,7
12-07-2021 00:00,2021,July,7
13-07-2021 00:00,2021,July,7
14-07-2021 00:00,2021,July,7
15-07-2021 00:00,2021,July,7
16-07-2021 00:00,2021,July,7
17-07-2021 00:00,2021,July,7
18-07-2021 00:00,2021,July,7
19-07-2021 00:00,2021,July,7
20-07-2021 00:00,2021,July,7
21-07-2021 00:00,2021,July,7
22-07-2021 00:00,2021,July,7
23-07-2021 00:00,2021,July,7
24-07-2021 00:00,2021,July,7
25-07-2021 00:00,2021,July,7
26-07-2021 00:00,2021,July,7
27-07-2021 00:00,2021,July,7
28-07-2021 00:00,2021,July,7
29-07-2021 00:00,2021,July,7
30-07-2021 00:00,2021,July,7
31-07-2021 00:00,2021,July,7
01-08-2021 00:00,2021,August,8
02-08-2021 00:00,2021,August,8
03-08-2021 00:00,2021,August,8
04-08-2021 00:00,2021,August,8
05-08-2021 00:00,2021,August,8
06-08-2021 00:00,2021,August,8
07-08-2021 00:00,2021,August,8
08-08-2021 00:00,2021,August,8
09-08-2021 00:00,2021,August,8
10-08-2021 00:00,2021,August,8
11-08-2021 00:00,2021,August,8
12-08-2021 00:00,2021,August,8
13-08-2021 00:00,2021,August,8
14-08-2021 00:00,2021,August,8
15-08-2021 00:00,2021,August,8
16-08-2021 00:00,2021,August,8
17-08-2021 00:00,2021,August,8
18-08-2021 00:00,2021,August,8
19-08-2021 00:00,2021,August,8
20-08-2021 00:00,2021,August,8
21-08-2021 00:00,2021,August,8
22-08-2021 00:00,2021,August,8
23-08-2021 00:00,2021,August,8
24-08-2021 00:00,2021,August,8
25-08-2021 00:00,2021,August,8
26-08-2021 00:00,2021,August,8
27-08-2021 00:00,2021,August,8
28-08-2021 00:00,2021,August,8
29-08-2021 00:00,2021,August,8
30-08-2021 00:00,2021,August,8
31-08-2021 00:00,2021,August,8
01-09-2021 00:00,2021,September,9
02-09-2021 00:00,2021,September,9
03-09-2021 00:00,2021,September,9
04-09-2021 00:00,2021,September,9
05-09-2021 00:00,2021,September,9
06-09-2021 00:00,2021,September,9
07-09-2021 00:00,2021,September,9
08-09-2021 00:00,2021,September,9
09-09-2021 00:00,2021,September,9
10-09-2021 00:00,2021,September,9
11-09-2021 00:00,2021,September,9
12-09-2021 00:00,2021,September,9
13-09-2021 00:00,2021,September,9
14-09-2021 00:00,2021,September,9
15-09-2021 00:00,2021,September,9
16-09-2021 00:00,2021,September,9
17-09-2021 00:00,2021,September,9
18-09-2021 00:00,2021,September,9
19-09-2021 00:00,2021,September,9
20-09-2021 00:00,2021,September,9
21-09-2021 00:00,2021,September,9
22-09-2021 00:00,2021,September,9
23-09-2021 00:00,2021,September,9
24-09-2021 00:00,2021,September,9
25-09-2021 00:00,2021,September,9
26-09-2021 00:00,2021,September,9
27-09-2021 00:00,2021,September,9
28-09-2021 00:00,2021,September,9
29-09-2021 00:00,2021,September,9
30-09-2021 00:00,2021,September,9
01-10-2021 00:00,2021,October,10
02-10-2021 00:00,2021,October,10
03-10-2021 00:00,2021,October,10
04-10-2021 00:00,2021,October,10
05-10-2021 00:00,2021,October,10
06-10-2021 00:00,2021,October,10
07-10-2021 00:00,2021,October,10
08-10-2021 00:00,2021,October,10
09-10-2021 00:00,2021,October,10
10-10-2021 00:00,2021,October,10
11-10-2021 00:00,2021,October,10
12-10-2021 00:00,2021,October,10
13-10-2021 00:00,2021,October,10
14-10-2021 00:00,2021,October,10
15-10-2021 00:00,2021,October,10
16-10-2021 00:00,2021,October,10
17-10-2021 00:00,2021,October,10
18-10-2021 00:00,2021,October,10
19-10-2021 00:00,2021,October,10
20-10-2021 00:00,2021,October,10
21-10-2021 00:00,2021,October,10
22-10-2021 00:00,2021,October,10
23-10-2021 00:00,2021,October,10
24-10-2021 00:00,2021,October,10
25-10-2021 00:00,2021,October,10
26-10-2021 00:00,2021,October,10
27-10-2021 00:00,2021,October,10
28-10-2021 00:00,2021,October,10
29-10-2021 00:00,2021,October,10
30-10-2021 00:00,2021,October,10
31-10-2021 00:00,2021,October,10
01-11-2021 00:00,2021,November,11
02-11-2021 00:00,2021,November,11
03-11-2021 00:00,2021,November,11
04-11-2021 00:00,2021,November,11
05-11-2021 00:00,2021,November,11
06-11-2021 00:00,2021,November,11
07-11-2021 00:00,2021,November,11
08-11-2021 00:00,2021,November,11
09-11-2021 00:00,2021,November,11
10-11-2021 00:00,2021,November,11
11-11-2021 00:00,2021,November,11
12-11-2021 00:00,2021,November,11
13-11-2021 00:00,2021,November,11
14-11-2021 00:00,2021,November,11
15-11-2021 00:00,2021,November,11
16-11-2021 00:00,2021,November,11
17-11-2021 00:00,2021,November,11
18-11-2021 00:00,2021,November,11
19-11-2021 00:00,2021,November,11
20-11-2021 00:00,2021,November,11
21-11-2021 00:00,2021,November,11
22-11-2021 00:00,2021,November,11
23-11-2021 00:00,2021,November,11
24-11-2021 00:00,2021,November,11
25-11-2021 00:00,2021,November,11
26-11-2021 00:00,2021,November,11
27-11-2021 00:00,2021,November,11
28-11-2021 00:00,2021,November,11
29-11-2021 00:00,2021,November,11
30-11-2021 00:00,2021,November,11
01-12-2021 00:00,2021,December,12
02-12-2021 00:00,2021,December,12
03-12-2021 00:00,2021,December,12
04-12-2021 00:00,2021,December,12
05-12-2021 00:00,2021,December,12
06-12-2021 00:00,2021,December,12
07-12-2021 00:00,2021,December,12
08-12-2021 00:00,2021,December,12
09-12-2021 00:00,2021,December,12
10-12-2021 00:00,2021,December,12
11-12-2021 00:00,2021,December,12
12-12-2021 00:00,2021,December,12
13-12-2021 00:00,2021,December,12
14-12-2021 00:00,2021,December,12
15-12-2021 00:00,2021,December,12
16-12-2021 00:00,2021,December,12
17-12-2021 00:00,2021,December,12
18-12-2021 00:00,2021,December,12
19-12-2021 00:00,2021,December,12
20-12-2021 00:00,2021,December,12
21-12-2021 00:00,2021,December,12
22-12-2021 00:00,2021,December,12
23-12-2021 00:00,2021,December,12
24-12-2021 00:00,2021,December,12
25-12-2021 00:00,2021,December,12
26-12-2021 00:00,2021,December,12
27-12-2021 00:00,2021,December,12
28-12-2021 00:00,2021,December,12
29-12-2021 00:00,2021,December,12
30-12-2021 00:00,2021,December,12
31-12-2021 00:00,2021,December,12
01-01-2022 00:00,2022,January,1
02-01-2022 00:00,2022,January,1
03-01-2022 00:00,2022,January,1
04-01-2022 00:00,2022,January,1
05-01-2022 00:00,2022,January,1
06-01-2022 00:00,2022,January,1
07-01-2022 00:00,2022,January,1
08-01-2022 00:00,2022,January,1
09-01-2022 00:00,2022,January,1
10-01-2022 00:00,2022,January,1
11-01-2022 00:00,2022,January,1
12-01-2022 00:00,2022,January,1
13-01-2022 00:00,2022,January,1
14-01-2022 00:00,2022,January,1
15-01-2022 00:00,2022,January,1
16-01-2022 00:00,2022,January,1
17-01-2022 00:00,2022,January,1
18-01-2022 00:00,2022,January,1
19-01-2022 00:00,2022,January,1
20-01-2022 00:00,2022,January,1
21-01-2022 00:00,2022,January,1
22-01-2022 00:00,2022,January,1
23-01-2022 00:00,2022,January,1
24-01-2022 00:00,2022,January,1
25-01-2022 00:00,2022,January,1
26-01-2022 00:00,2022,January,1
27-01-2022 00:00,2022,January,1
28-01-2022 00:00,2022,January,1
29-01-2022 00:00,2022,January,1
30-01-2022 00:00,2022,January,1
31-01-2022 00:00,2022,January,1
01-02-2022 00:00,2022,February,2
02-02-2022 00:00,2022,February,2
03-02-2022 00:00,2022,February,2
04-02-2022 00:00,2022,February,2
05-02-2022 00:00,2022,February,2
06-02-2022 00:00,2022,February,2
07-02-2022 00:00,2022,February,2
08-02-2022 00:00,2022,February,2
09-02-2022 00:00,2022,February,2
10-02-2022 00:00,2022,February,2
11-02-2022 00:00,2022,February,2
12-02-2022 00:00,2022,February,2
13-02-2022 00:00,2022,February,2
14-02-2022 00:00,2022,February,2
15-02-2022 00:00,2022,February,2
16-02-2022 00:00,2022,February,2
17-02-2022 00:00,2022,February,2
18-02-2022 00:00,2022,February,2
19-02-2022 00:00,2022,February,2
20-02-2022 00:00,2022,February,2
21-02-2022 00:00,2022,February,2
22-02-2022 00:00,2022,February,2
23-02-2022 00:00,2022,February,2
24-02-2022 00:00,2022,February,2
25-02-2022 00:00,2022,February,2
26-02-2022 00:00,2022,February,2
27-02-2022 00:00,2022,February,2
28-02-2022 00:00,2022,February,2
01-03-2022 00:00,2022,March,3
02-03-2022 00:00,2022,March,3
03-03-2022 00:00,2022,March,3
04-03-2022 00:00,2022,March,3
05-03-2022 00:00,2022,March,3
06-03-2022 00:00,2022,March,3
07-03-2022 00:00,2022,March,3
08-03-2022 00:00,2022,March,3
09-03-2022 00:00,2022,March,3
10-03-2022 00:00,2022,March,3
11-03-2022 00:00,2022,March,3
12-03-2022 00:00,2022,March,3
13-03-2022 00:00,2022,March,3
14-03-2022 00:00,2022,March,3
15-03-2022 00:00,2022,March,3
16-03-2022 00:00,2022,March,3
17-03-2022 00:00,2022,March,3
18-03-2022 00:00,2022,March,3
19-03-2022 00:00,2022,March,3
20-03-2022 00:00,2022,March,3
21-03-2022 00:00,2022,March,3
22-03-2022 00:00,2022,March,3
23-03-2022 00:00,2022,March,3
24-03-2022 00:00,2022,March,3
25-03-2022 00:00,2022,March,3
26-03-2022 00:00,2022,March,3
27-03-2022 00:00,2022,March,3
28-03-2022 00:00,2022,March,3
29-03-2022 00:00,2022,March,3
30-03-2022 00:00,2022,March,3
31-03-2022 00:00,2022,March,3
01-04-2022 00:00,2022,April,4
02-04-2022 00:00,2022,April,4
03-04-2022 00:00,2022,April,4
04-04-2022 00:00,2022,April,4
05-04-2022 00:00,2022,April,4
06-04-2022 00:00,2022,April,4
07-04-2022 00:00,2022,April,4
08-04-2022 00:00,2022,April,4
09-04-2022 00:00,2022,April,4
10-04-2022 00:00,2022,April,4
11-04-2022 00:00,2022,April,4
12-04-2022 00:00,2022,April,4
13-04-2022 00:00,2022,April,4
14-04-2022 00:00,2022,April,4
15-04-2022 00:00,2022,April,4
16-04-2022 00:00,2022,April,4
17-04-2022 00:00,2022,April,4
18-04-2022 00:00,2022,April,4
19-04-2022 00:00,2022,April,4
20-04-2022 00:00,2022,April,4
21-04-2022 00:00,2022,April,4
22-04-2022 00:00,2022,April,4
23-04-2022 00:00,2022,April,4
24-04-2022 00:00,2022,April,4
25-04-2022 00:00,2022,April,4
26-04-2022 00:00,2022,April,4
27-04-2022 00:00,2022,April,4
28-04-2022 00:00,2022,April,4
29-04-2022 00:00,2022,April,4
30-04-2022 00:00,2022,April,4
01-05-2022 00:00,2022,May,5
02-05-2022 00:00,2022,May,5
03-05-2022 00:00,2022,May,5
04-05-2022 00:00,2022,May,5
05-05-2022 00:00,2022,May,5
06-05-2022 00:00,2022,May,5
07-05-2022 00:00,2022,May,5
08-05-2022 00:00,2022,May,5
09-05-2022 00:00,2022,May,5
10-05-2022 00:00,2022,May,5
11-05-2022 00:00,2022,May,5
12-05-2022 00:00,2022,May,5
13-05-2022 00:00,2022,May,5
14-05-2022 00:00,2022,May,5
15-05-2022 00:00,2022,May,5
16-05-2022 00:00,2022,May,5
17-05-2022 00:00,2022,May,5
18-05-2022 00:00,2022,May,5
19-05-2022 00:00,2022,May,5
20-05-2022 00:00,2022,May,5
21-05-2022 00:00,2022,May,5
22-05-2022 00:00,2022,May,5
23-05-2022 00:00,2022,May,5
24-05-2022 00:00,2022,May,5
25-05-2022 00:00,2022,May,5
26-05-2022 00:00,2022,May,5
27-05-2022 00:00,2022,May,5
28-05-2022 00:00,2022,May,5
29-05-2022 00:00,2022,May,5
30-05-2022 00:00,2022,May,5
31-05-2022 00:00,2022,May,5
01-06-2022 00:00,2022,June,6
02-06-2022 00:00,2022,June,6
03-06-2022 00:00,2022,June,6
04-06-2022 00:00,2022,June,6
05-06-2022 00:00,2022,June,6
06-06-2022 00:00,2022,June,6
07-06-2022 00:00,2022,June,6
08-06-2022 00:00,2022,June,6
09-06-2022 00:00,2022,June,6
10-06-2022 00:00,2022,June,6
11-06-2022 00:00,2022,June,6
12-06-2022 00:00,2022,June,6
13-06-2022 00:00,2022,June,6
14-06-2022 00:00,2022,June,6
15-06-2022 00:00,2022,June,6
16-06-2022 00:00,2022,June,6
17-06-2022 00:00,2022,June,6
18-06-2022 00:00,2022,June,6
19-06-2022 00:00,2022,June,6
20-06-2022 00:00,2022,June,6
21-06-2022 00:00,2022,June,6
22-06-2022 00:00,2022,June,6
23-06-2022 00:00,2022,June,6
24-06-2022 00:00,2022,June,6
25-06-2022 00:00,2022,June,6
26-06-2022 00:00,2022,June,6
27-06-2022 00:00,2022,June,6
28-06-2022 00:00,2022,June,6
29-06-2022 00:00,2022,June,6
30-06-2022 00:00,2022,June,6
01-07-2022 00:00,2022,July,7
02-07-2022 00:00,2022,July,7
03-07-2022 00:00,2022,July,7
04-07-2022 00:00,2022,July,7
05-07-2022 00:00,2022,July,7
06-07-2022 00:00,2022,July,7
07-07-2022 00:00,2022,July,7
08-07-2022 00:00,2022,July,7
09-07-2022 00:00,2022,July,7
10-07-2022 00:00,2022,July,7
11-07-2022 00:00,2022,July,7
12-07-2022 00:00,2022,July,7
13-07-2022 00:00,2022,July,7
14-07-2022 00:00,2022,July,7
15-07-2022 00:00,2022,July,7
16-07-2022 00:00,2022,July,7
17-07-2022 00:00,2022,July,7
18-07-2022 00:00,2022,July,7
19-07-2022 00:00,2022,July,7
20-07-2022 00:00,2022,July,7
21-07-2022 00:00,2022,July,7
22-07-2022 00:00,2022,July,7
23-07-2022 00:00,2022,July,7
24-07-2022 00:00,2022,July,7
25-07-2022 00:00,2022,July,7
26-07-2022 00:00,2022,July,7
27-07-2022 00:00,2022,July,7
28-07-2022 00:00,2022,July,7
29-07-2022 00:00,2022,July,7
30-07-2022 00:00,2022,July,7
31-07-2022 00:00,2022,July,7
01-08-2022 00:00,2022,August,8
02-08-2022 00:00,2022,August,8
03-08-2022 00:00,2022,August,8
04-08-2022 00:00,2022,August,8
05-08-2022 00:00,2022,August,8
06-08-2022 00:00,2022,August,8
07-08-2022 00:00,2022,August,8
08-08-2022 00:00,2022,August,8
09-08-2022 00:00,2022,August,8
10-08-2022 00:00,2022,August,8
11-08-2022 00:00,2022,August,8
12-08-2022 00:00,2022,August,8
13-08-2022 00:00,2022,August,8
14-08-2022 00:00,2022,August,8
15-08-2022 00:00,2022,August,8
16-08-2022 00:00,2022,August,8
17-08-2022 00:00,2022,August,8
18-08-2022 00:00,2022,August,8
19-08-2022 00:00,2022,August,8
20-08-2022 00:00,2022,August,8
21-08-2022 00:00,2022,August,8
22-08-2022 00:00,2022,August,8
23-08-2022 00:00,2022,August,8
24-08-2022 00:00,2022,August,8
25-08-2022 00:00,2022,August,8
26-08-2022 00:00,2022,August,8
27-08-2022 00:00,2022,August,8
28-08-2022 00:00,2022,August,8
29-08-2022 00:00,2022,August,8
30-08-2022 00:00,2022,August,8
31-08-2022 00:00,2022,August,8
01-09-2022 00:00,2022,September,9
02-09-2022 00:00,2022,September,9
03-09-2022 00:00,2022,September,9
04-09-2022 00:00,2022,September,9
05-09-2022 00:00,2022,September,9
06-09-2022 00:00,2022,September,9
07-09-2022 00:00,2022,September,9
08-09-2022 00:00,2022,September,9
09-09-2022 00:00,2022,September,9
10-09-2022 00:00,2022,September,9
11-09-2022 00:00,2022,September,9
12-09-2022 00:00,2022,September,9
13-09-2022 00:00,2022,September,9
14-09-2022 00:00,2022,September,9
15-09-2022 00:00,2022,September,9
16-09-2022 00:00,2022,September,9
17-09-2022 00:00,2022,September,9
18-09-2022 00:00,2022,September,9
19-09-2022 00:00,2022,September,9
20-09-2022 00:00,2022,September,9
21-09-2022 00:00,2022,September,9
22-09-2022 00:00,2022,September,9
23-09-2022 00:00,2022,September,9
24-09-2022 00:00,2022,September,9
25-09-2022 00:00,2022,September,9
26-09-2022 00:00,2022,September,9
27-09-2022 00:00,2022,September,9
28-09-2022 00:00,2022,September,9
29-09-2022 00:00,2022,September,9
30-09-2022 00:00,2022,September,9
01-10-2022 00:00,2022,October,10
02-10-2022 00:00,2022,October,10
03-10-2022 00:00,2022,October,10
04-10-2022 00:00,2022,October,10
05-10-2022 00:00,2022,October,10
06-10-2022 00:00,2022,October,10
07-10-2022 00:00,2022,October,10
08-10-2022 00:00,2022,October,10
09-10-2022 00:00,2022,October,10
10-10-2022 00:00,2022,October,10
11-10-2022 00:00,2022,October,10
12-10-2022 00:00,2022,October,10
13-10-2022 00:00,2022,October,10
14-10-2022 00:00,2022,October,10
15-10-2022 00:00,2022,October,10
16-10-2022 00:00,2022,October,10
17-10-2022 00:00,2022,October,10
18-10-2022 00:00,2022,October,10
19-10-2022 00:00,2022,October,10
20-10-2022 00:00,2022,October,10
21-10-2022 00:00,2022,October,10
22-10-2022 00:00,2022,October,10
23-10-2022 00:00,2022,October,10
24-10-2022 00:00,2022,October,10
25-10-2022 00:00,2022,October,10
26-10-2022 00:00,2022,October,10
27-10-2022 00:00,2022,October,10
28-10-2022 00:00,2022,October,10
29-10-2022 00:00,2022,October,10
30-10-2022 00:00,2022,October,10
31-10-2022 00:00,2022,October,10
01-11-2022 00:00,2022,November,11
02-11-2022 00:00,2022,November,11
03-11-2022 00:00,2022,November,11
04-11-2022 00:00,2022,November,11
05-11-2022 00:00,2022,November,11
06-11-2022 00:00,2022,November,11
07-11-2022 00:00,2022,November,11
08-11-2022 00:00,2022,November,11
09-11-2022 00:00,2022,November,11
10-11-2022 00:00,2022,November,11
11-11-2022 00:00,2022,November,11
12-11-2022 00:00,2022,November,11
13-11-2022 00:00,2022,November,11
14-11-2022 00:00,2022,November,11
15-11-2022 00:00,2022,November,11
16-11-2022 00:00,2022,November,11
17-11-2022 00:00,2022,November,11
18-11-2022 00:00,2022,November,11
19-11-2022 00:00,2022,November,11
20-11-2022 00:00,2022,November,11
21-11-2022 00:00,2022,November,11
22-11-2022 00:00,2022,November,11
23-11-2022 00:00,2022,November,11
24-11-2022 00:00,2022,November,11
25-11-2022 00:00,2022,November,11
26-11-2022 00:00,2022,November,11
27-11-2022 00:00,2022,November,11
28-11-2022 00:00,2022,November,11
29-11-2022 00:00,2022,November,11
30-11-2022 00:00,2022,November,11
01-12-2022 00:00,2022,December,12
02-12-2022 00:00,2022,December,12
03-12-2022 00:00,2022,December,12
04-12-2022 00:00,2022,December,12
05-12-2022 00:00,2022,December,12
06-12-2022 00:00,2022,December,12
07-12-2022 00:00,2022,December,12
08-12-2022 00:00,2022,December,12
09-12-2022 00:00,2022,December,12
10-12-2022 00:00,2022,December,12
11-12-2022 00:00,2022,December,12
12-12-2022 00:00,2022,December,12
13-12-2022 00:00,2022,December,12
14-12-2022 00:00,2022,December,12
15-12-2022 00:00,2022,December,12
16-12-2022 00:00,2022,December,12
17-12-2022 00:00,2022,December,12
18-12-2022 00:00,2022,December,12
19-12-2022 00:00,2022,December,12
20-12-2022 00:00,2022,December,12
21-12-2022 00:00,2022,December,12
22-12-2022 00:00,2022,December,12
23-12-2022 00:00,2022,December,12
24-12-2022 00:00,2022,December,12
25-12-2022 00:00,2022,December,12
26-12-2022 00:00,2022,December,12
27-12-2022 00:00,2022,December,12
28-12-2022 00:00,2022,December,12
29-12-2022 00:00,2022,December,12
30-12-2022 00:00,2022,December,12
31-12-2022 00:00,2022,December,12
